{
    "mrae": 0.5460832118988037,
    "mae": 0.1236850842833519,
    "rmse": 0.15666379034519196
}